[{"model": "contenttypes.contenttype", "pk": 1, "fields": {"app_label": "admin", "model": "logentry"}}, {"model": "contenttypes.contenttype", "pk": 2, "fields": {"app_label": "auth", "model": "permission"}}, {"model": "contenttypes.contenttype", "pk": 3, "fields": {"app_label": "auth", "model": "group"}}, {"model": "contenttypes.contenttype", "pk": 4, "fields": {"app_label": "auth", "model": "user"}}, {"model": "contenttypes.contenttype", "pk": 5, "fields": {"app_label": "contenttypes", "model": "contenttype"}}, {"model": "contenttypes.contenttype", "pk": 6, "fields": {"app_label": "sessions", "model": "session"}}, {"model": "contenttypes.contenttype", "pk": 7, "fields": {"app_label": "blog", "model": "blogtype"}}, {"model": "contenttypes.contenttype", "pk": 8, "fields": {"app_label": "blog", "model": "blog"}}, {"model": "contenttypes.contenttype", "pk": 9, "fields": {"app_label": "blog", "model": "readnum"}}, {"model": "contenttypes.contenttype", "pk": 10, "fields": {"app_label": "read_statistics", "model": "readnum"}}, {"model": "contenttypes.contenttype", "pk": 11, "fields": {"app_label": "read_statistics", "model": "readdetail"}}, {"model": "contenttypes.contenttype", "pk": 12, "fields": {"app_label": "comment", "model": "comment"}}, {"model": "contenttypes.contenttype", "pk": 13, "fields": {"app_label": "likes", "model": "likecount"}}, {"model": "contenttypes.contenttype", "pk": 14, "fields": {"app_label": "likes", "model": "likerecord"}}, {"model": "contenttypes.contenttype", "pk": 15, "fields": {"app_label": "user", "model": "profile"}}, {"model": "sessions.session", "pk": "0krtn1l4uom0h8nlliivslavdy2l448j", "fields": {"session_data": "OTRmMjY4Nzk3MzNkM2NhZGEyZGIzNGVmYjNmN2ZhMzdhMWJkYWMxZjp7Il9hdXRoX3VzZXJfaWQiOiIxIiwiX2F1dGhfdXNlcl9iYWNrZW5kIjoiZGphbmdvLmNvbnRyaWIuYXV0aC5iYWNrZW5kcy5Nb2RlbEJhY2tlbmQiLCJfYXV0aF91c2VyX2hhc2giOiJhNjdhMWE1MDdkMmNkMmRjMDg2MDcwYjQ0ZDYwNzk3YTZhMzZlMWRmIn0=", "expire_date": "2018-05-08T07:04:54.723Z"}}, {"model": "sessions.session", "pk": "24xj2hcogc5crsxpnka36qg7oblri6qu", "fields": {"session_data": "OTRmMjY4Nzk3MzNkM2NhZGEyZGIzNGVmYjNmN2ZhMzdhMWJkYWMxZjp7Il9hdXRoX3VzZXJfaWQiOiIxIiwiX2F1dGhfdXNlcl9iYWNrZW5kIjoiZGphbmdvLmNvbnRyaWIuYXV0aC5iYWNrZW5kcy5Nb2RlbEJhY2tlbmQiLCJfYXV0aF91c2VyX2hhc2giOiJhNjdhMWE1MDdkMmNkMmRjMDg2MDcwYjQ0ZDYwNzk3YTZhMzZlMWRmIn0=", "expire_date": "2018-06-25T08:20:06.286Z"}}, {"model": "sessions.session", "pk": "2dx17n24pgqzj7mjmo84v8y45y6wnf6v", "fields": {"session_data": "OTRmMjY4Nzk3MzNkM2NhZGEyZGIzNGVmYjNmN2ZhMzdhMWJkYWMxZjp7Il9hdXRoX3VzZXJfaWQiOiIxIiwiX2F1dGhfdXNlcl9iYWNrZW5kIjoiZGphbmdvLmNvbnRyaWIuYXV0aC5iYWNrZW5kcy5Nb2RlbEJhY2tlbmQiLCJfYXV0aF91c2VyX2hhc2giOiJhNjdhMWE1MDdkMmNkMmRjMDg2MDcwYjQ0ZDYwNzk3YTZhMzZlMWRmIn0=", "expire_date": "2018-08-08T06:47:08.601Z"}}, {"model": "sessions.session", "pk": "36pev401v5ft3tvqx28gqygcd0h3cy0c", "fields": {"session_data": "ZDZhYjcwMWM5YmU4MzZjZmQ4Mjc3ZGI2MDY2Y2Y2MWRkYzcxNzE1YTp7InNlbmRfY29kZV90aW1lIjoxNTMzNzAzMjg5LCJfYXV0aF91c2VyX2lkIjoiNSIsIl9hdXRoX3VzZXJfYmFja2VuZCI6ImRqYW5nby5jb250cmliLmF1dGguYmFja2VuZHMuTW9kZWxCYWNrZW5kIiwiX2F1dGhfdXNlcl9oYXNoIjoiMTBmNTgwOGM0YjNhOGNjYjIzOTkxZjg1Nzc5M2E3ZGUxYWQyNTI0NSJ9", "expire_date": "2018-08-22T04:42:00.356Z"}}, {"model": "sessions.session", "pk": "3m70i3ouj0ou34597adftm9yg4mdl5ir", "fields": {"session_data": "OGI1YzkxZTkyMjkyMzQ0OWRmMjMyM2M1MmE4MjVjMTBiNjg0NmI0Nzp7Il9hdXRoX3VzZXJfaWQiOiIxIiwiX2F1dGhfdXNlcl9iYWNrZW5kIjoiZGphbmdvLmNvbnRyaWIuYXV0aC5iYWNrZW5kcy5Nb2RlbEJhY2tlbmQiLCJfYXV0aF91c2VyX2hhc2giOiJhNjdhMWE1MDdkMmNkMmRjMDg2MDcwYjQ0ZDYwNzk3YTZhMzZlMWRmIiwiYmluZF9lbWFpbF9jb2RlIjoiVkR4SiIsInNlbmRfY29kZV90aW1lIjoxNTMzNjI5NTYyfQ==", "expire_date": "2018-08-21T08:12:45.449Z"}}, {"model": "sessions.session", "pk": "5gq75nkixeqn8o5bwppowikeb59kp3nx", "fields": {"session_data": "OTRmMjY4Nzk3MzNkM2NhZGEyZGIzNGVmYjNmN2ZhMzdhMWJkYWMxZjp7Il9hdXRoX3VzZXJfaWQiOiIxIiwiX2F1dGhfdXNlcl9iYWNrZW5kIjoiZGphbmdvLmNvbnRyaWIuYXV0aC5iYWNrZW5kcy5Nb2RlbEJhY2tlbmQiLCJfYXV0aF91c2VyX2hhc2giOiJhNjdhMWE1MDdkMmNkMmRjMDg2MDcwYjQ0ZDYwNzk3YTZhMzZlMWRmIn0=", "expire_date": "2018-08-22T07:31:02.639Z"}}, {"model": "sessions.session", "pk": "5n8u4tqwvkradun3wcikze1v5js465sb", "fields": {"session_data": "OTRmMjY4Nzk3MzNkM2NhZGEyZGIzNGVmYjNmN2ZhMzdhMWJkYWMxZjp7Il9hdXRoX3VzZXJfaWQiOiIxIiwiX2F1dGhfdXNlcl9iYWNrZW5kIjoiZGphbmdvLmNvbnRyaWIuYXV0aC5iYWNrZW5kcy5Nb2RlbEJhY2tlbmQiLCJfYXV0aF91c2VyX2hhc2giOiJhNjdhMWE1MDdkMmNkMmRjMDg2MDcwYjQ0ZDYwNzk3YTZhMzZlMWRmIn0=", "expire_date": "2018-06-26T03:34:39.054Z"}}, {"model": "sessions.session", "pk": "7ckky0o0udo6augh2yzpll5hyrqzffot", "fields": {"session_data": "OTRmMjY4Nzk3MzNkM2NhZGEyZGIzNGVmYjNmN2ZhMzdhMWJkYWMxZjp7Il9hdXRoX3VzZXJfaWQiOiIxIiwiX2F1dGhfdXNlcl9iYWNrZW5kIjoiZGphbmdvLmNvbnRyaWIuYXV0aC5iYWNrZW5kcy5Nb2RlbEJhY2tlbmQiLCJfYXV0aF91c2VyX2hhc2giOiJhNjdhMWE1MDdkMmNkMmRjMDg2MDcwYjQ0ZDYwNzk3YTZhMzZlMWRmIn0=", "expire_date": "2018-06-27T01:15:27.733Z"}}, {"model": "sessions.session", "pk": "cwkq0ys6sw7kg4ux0e7kajok8eih8emm", "fields": {"session_data": "OTRmMjY4Nzk3MzNkM2NhZGEyZGIzNGVmYjNmN2ZhMzdhMWJkYWMxZjp7Il9hdXRoX3VzZXJfaWQiOiIxIiwiX2F1dGhfdXNlcl9iYWNrZW5kIjoiZGphbmdvLmNvbnRyaWIuYXV0aC5iYWNrZW5kcy5Nb2RlbEJhY2tlbmQiLCJfYXV0aF91c2VyX2hhc2giOiJhNjdhMWE1MDdkMmNkMmRjMDg2MDcwYjQ0ZDYwNzk3YTZhMzZlMWRmIn0=", "expire_date": "2018-05-26T02:39:32.760Z"}}, {"model": "sessions.session", "pk": "flw8ulaoncactjr10uk2hfeb5t9xrbke", "fields": {"session_data": "OTRmMjY4Nzk3MzNkM2NhZGEyZGIzNGVmYjNmN2ZhMzdhMWJkYWMxZjp7Il9hdXRoX3VzZXJfaWQiOiIxIiwiX2F1dGhfdXNlcl9iYWNrZW5kIjoiZGphbmdvLmNvbnRyaWIuYXV0aC5iYWNrZW5kcy5Nb2RlbEJhY2tlbmQiLCJfYXV0aF91c2VyX2hhc2giOiJhNjdhMWE1MDdkMmNkMmRjMDg2MDcwYjQ0ZDYwNzk3YTZhMzZlMWRmIn0=", "expire_date": "2018-08-13T04:58:26.408Z"}}, {"model": "sessions.session", "pk": "hw3y82jau0v8ndvb4hpu25hmwke46e1z", "fields": {"session_data": "OTRmMjY4Nzk3MzNkM2NhZGEyZGIzNGVmYjNmN2ZhMzdhMWJkYWMxZjp7Il9hdXRoX3VzZXJfaWQiOiIxIiwiX2F1dGhfdXNlcl9iYWNrZW5kIjoiZGphbmdvLmNvbnRyaWIuYXV0aC5iYWNrZW5kcy5Nb2RlbEJhY2tlbmQiLCJfYXV0aF91c2VyX2hhc2giOiJhNjdhMWE1MDdkMmNkMmRjMDg2MDcwYjQ0ZDYwNzk3YTZhMzZlMWRmIn0=", "expire_date": "2018-05-10T02:20:03.869Z"}}, {"model": "sessions.session", "pk": "i9jmf2qnr3gjrasclje8hlv4idplit1m", "fields": {"session_data": "OTRmMjY4Nzk3MzNkM2NhZGEyZGIzNGVmYjNmN2ZhMzdhMWJkYWMxZjp7Il9hdXRoX3VzZXJfaWQiOiIxIiwiX2F1dGhfdXNlcl9iYWNrZW5kIjoiZGphbmdvLmNvbnRyaWIuYXV0aC5iYWNrZW5kcy5Nb2RlbEJhY2tlbmQiLCJfYXV0aF91c2VyX2hhc2giOiJhNjdhMWE1MDdkMmNkMmRjMDg2MDcwYjQ0ZDYwNzk3YTZhMzZlMWRmIn0=", "expire_date": "2018-05-27T06:49:17.611Z"}}, {"model": "sessions.session", "pk": "iegq08p24pa678ulao1b1wia3g760llv", "fields": {"session_data": "OTRmMjY4Nzk3MzNkM2NhZGEyZGIzNGVmYjNmN2ZhMzdhMWJkYWMxZjp7Il9hdXRoX3VzZXJfaWQiOiIxIiwiX2F1dGhfdXNlcl9iYWNrZW5kIjoiZGphbmdvLmNvbnRyaWIuYXV0aC5iYWNrZW5kcy5Nb2RlbEJhY2tlbmQiLCJfYXV0aF91c2VyX2hhc2giOiJhNjdhMWE1MDdkMmNkMmRjMDg2MDcwYjQ0ZDYwNzk3YTZhMzZlMWRmIn0=", "expire_date": "2018-06-08T03:43:50.835Z"}}, {"model": "sessions.session", "pk": "of10iopjto1cvajec2nc679clddheiei", "fields": {"session_data": "OTRmMjY4Nzk3MzNkM2NhZGEyZGIzNGVmYjNmN2ZhMzdhMWJkYWMxZjp7Il9hdXRoX3VzZXJfaWQiOiIxIiwiX2F1dGhfdXNlcl9iYWNrZW5kIjoiZGphbmdvLmNvbnRyaWIuYXV0aC5iYWNrZW5kcy5Nb2RlbEJhY2tlbmQiLCJfYXV0aF91c2VyX2hhc2giOiJhNjdhMWE1MDdkMmNkMmRjMDg2MDcwYjQ0ZDYwNzk3YTZhMzZlMWRmIn0=", "expire_date": "2018-08-06T03:40:05.599Z"}}, {"model": "sessions.session", "pk": "phkxau21fzfisch8gzjw8ttrzfiza33a", "fields": {"session_data": "OTRmMjY4Nzk3MzNkM2NhZGEyZGIzNGVmYjNmN2ZhMzdhMWJkYWMxZjp7Il9hdXRoX3VzZXJfaWQiOiIxIiwiX2F1dGhfdXNlcl9iYWNrZW5kIjoiZGphbmdvLmNvbnRyaWIuYXV0aC5iYWNrZW5kcy5Nb2RlbEJhY2tlbmQiLCJfYXV0aF91c2VyX2hhc2giOiJhNjdhMWE1MDdkMmNkMmRjMDg2MDcwYjQ0ZDYwNzk3YTZhMzZlMWRmIn0=", "expire_date": "2018-05-27T04:12:55.642Z"}}, {"model": "sessions.session", "pk": "px5ols79zwrm89tmptxmsguqhen8zc2u", "fields": {"session_data": "OTRmMjY4Nzk3MzNkM2NhZGEyZGIzNGVmYjNmN2ZhMzdhMWJkYWMxZjp7Il9hdXRoX3VzZXJfaWQiOiIxIiwiX2F1dGhfdXNlcl9iYWNrZW5kIjoiZGphbmdvLmNvbnRyaWIuYXV0aC5iYWNrZW5kcy5Nb2RlbEJhY2tlbmQiLCJfYXV0aF91c2VyX2hhc2giOiJhNjdhMWE1MDdkMmNkMmRjMDg2MDcwYjQ0ZDYwNzk3YTZhMzZlMWRmIn0=", "expire_date": "2018-08-09T04:20:45.146Z"}}, {"model": "sessions.session", "pk": "tyswv6j6c7j6xfw3vlamhxkozvnxjqot", "fields": {"session_data": "OTRmMjY4Nzk3MzNkM2NhZGEyZGIzNGVmYjNmN2ZhMzdhMWJkYWMxZjp7Il9hdXRoX3VzZXJfaWQiOiIxIiwiX2F1dGhfdXNlcl9iYWNrZW5kIjoiZGphbmdvLmNvbnRyaWIuYXV0aC5iYWNrZW5kcy5Nb2RlbEJhY2tlbmQiLCJfYXV0aF91c2VyX2hhc2giOiJhNjdhMWE1MDdkMmNkMmRjMDg2MDcwYjQ0ZDYwNzk3YTZhMzZlMWRmIn0=", "expire_date": "2018-08-03T07:21:38.366Z"}}, {"model": "sessions.session", "pk": "u6wvir66uqqfip2tsk0e94z9nhhxafwo", "fields": {"session_data": "OTRmMjY4Nzk3MzNkM2NhZGEyZGIzNGVmYjNmN2ZhMzdhMWJkYWMxZjp7Il9hdXRoX3VzZXJfaWQiOiIxIiwiX2F1dGhfdXNlcl9iYWNrZW5kIjoiZGphbmdvLmNvbnRyaWIuYXV0aC5iYWNrZW5kcy5Nb2RlbEJhY2tlbmQiLCJfYXV0aF91c2VyX2hhc2giOiJhNjdhMWE1MDdkMmNkMmRjMDg2MDcwYjQ0ZDYwNzk3YTZhMzZlMWRmIn0=", "expire_date": "2018-05-09T08:11:52.714Z"}}, {"model": "sessions.session", "pk": "v1r9c1i159wz8jn11bjjceol06xa6m4o", "fields": {"session_data": "OTRmMjY4Nzk3MzNkM2NhZGEyZGIzNGVmYjNmN2ZhMzdhMWJkYWMxZjp7Il9hdXRoX3VzZXJfaWQiOiIxIiwiX2F1dGhfdXNlcl9iYWNrZW5kIjoiZGphbmdvLmNvbnRyaWIuYXV0aC5iYWNrZW5kcy5Nb2RlbEJhY2tlbmQiLCJfYXV0aF91c2VyX2hhc2giOiJhNjdhMWE1MDdkMmNkMmRjMDg2MDcwYjQ0ZDYwNzk3YTZhMzZlMWRmIn0=", "expire_date": "2018-08-03T04:05:51.109Z"}}, {"model": "sessions.session", "pk": "v654gvb2duc5o1je6010evyde2haj40a", "fields": {"session_data": "OTRmMjY4Nzk3MzNkM2NhZGEyZGIzNGVmYjNmN2ZhMzdhMWJkYWMxZjp7Il9hdXRoX3VzZXJfaWQiOiIxIiwiX2F1dGhfdXNlcl9iYWNrZW5kIjoiZGphbmdvLmNvbnRyaWIuYXV0aC5iYWNrZW5kcy5Nb2RlbEJhY2tlbmQiLCJfYXV0aF91c2VyX2hhc2giOiJhNjdhMWE1MDdkMmNkMmRjMDg2MDcwYjQ0ZDYwNzk3YTZhMzZlMWRmIn0=", "expire_date": "2018-08-21T10:57:22.083Z"}}, {"model": "sessions.session", "pk": "vakqmyahc6xo9rdfn7o3of2adqwtyojt", "fields": {"session_data": "OTRmMjY4Nzk3MzNkM2NhZGEyZGIzNGVmYjNmN2ZhMzdhMWJkYWMxZjp7Il9hdXRoX3VzZXJfaWQiOiIxIiwiX2F1dGhfdXNlcl9iYWNrZW5kIjoiZGphbmdvLmNvbnRyaWIuYXV0aC5iYWNrZW5kcy5Nb2RlbEJhY2tlbmQiLCJfYXV0aF91c2VyX2hhc2giOiJhNjdhMWE1MDdkMmNkMmRjMDg2MDcwYjQ0ZDYwNzk3YTZhMzZlMWRmIn0=", "expire_date": "2018-08-23T03:25:22.106Z"}}, {"model": "sessions.session", "pk": "yu5a8emsvf58xfa6egbr4t3prjaod9w6", "fields": {"session_data": "OTRmMjY4Nzk3MzNkM2NhZGEyZGIzNGVmYjNmN2ZhMzdhMWJkYWMxZjp7Il9hdXRoX3VzZXJfaWQiOiIxIiwiX2F1dGhfdXNlcl9iYWNrZW5kIjoiZGphbmdvLmNvbnRyaWIuYXV0aC5iYWNrZW5kcy5Nb2RlbEJhY2tlbmQiLCJfYXV0aF91c2VyX2hhc2giOiJhNjdhMWE1MDdkMmNkMmRjMDg2MDcwYjQ0ZDYwNzk3YTZhMzZlMWRmIn0=", "expire_date": "2018-06-23T04:12:00.302Z"}}, {"model": "blog.blogtype", "pk": 1, "fields": {"type_name": "Django"}}, {"model": "blog.blogtype", "pk": 2, "fields": {"type_name": "\u968f\u7b14"}}, {"model": "blog.blogtype", "pk": 3, "fields": {"type_name": "\u611f\u609f"}}, {"model": "read_statistics.readnum", "pk": 1, "fields": {"read_num": 15, "content_type": 8, "object_id": 36}}, {"model": "read_statistics.readnum", "pk": 2, "fields": {"read_num": 6, "content_type": 8, "object_id": 35}}, {"model": "read_statistics.readnum", "pk": 3, "fields": {"read_num": 4, "content_type": 8, "object_id": 34}}, {"model": "read_statistics.readnum", "pk": 4, "fields": {"read_num": 2, "content_type": 8, "object_id": 33}}, {"model": "read_statistics.readnum", "pk": 5, "fields": {"read_num": 4, "content_type": 8, "object_id": 31}}, {"model": "read_statistics.readnum", "pk": 6, "fields": {"read_num": 3, "content_type": 8, "object_id": 30}}, {"model": "read_statistics.readnum", "pk": 7, "fields": {"read_num": 20, "content_type": 8, "object_id": 37}}, {"model": "read_statistics.readnum", "pk": 8, "fields": {"read_num": 106, "content_type": 8, "object_id": 38}}, {"model": "read_statistics.readnum", "pk": 9, "fields": {"read_num": 1, "content_type": 8, "object_id": 32}}, {"model": "read_statistics.readnum", "pk": 10, "fields": {"read_num": 2, "content_type": 8, "object_id": 29}}, {"model": "read_statistics.readnum", "pk": 11, "fields": {"read_num": 1, "content_type": 8, "object_id": 28}}, {"model": "read_statistics.readdetail", "pk": 1, "fields": {"date": "2018-06-11", "read_num": 4, "content_type": 8, "object_id": 37}}, {"model": "read_statistics.readdetail", "pk": 2, "fields": {"date": "2018-06-12", "read_num": 8, "content_type": 8, "object_id": 37}}, {"model": "read_statistics.readdetail", "pk": 3, "fields": {"date": "2018-06-12", "read_num": 3, "content_type": 8, "object_id": 38}}, {"model": "read_statistics.readdetail", "pk": 4, "fields": {"date": "2018-06-13", "read_num": 3, "content_type": 8, "object_id": 38}}, {"model": "read_statistics.readdetail", "pk": 5, "fields": {"date": "2018-06-13", "read_num": 2, "content_type": 8, "object_id": 37}}, {"model": "read_statistics.readdetail", "pk": 6, "fields": {"date": "2018-06-13", "read_num": 1, "content_type": 8, "object_id": 36}}, {"model": "read_statistics.readdetail", "pk": 7, "fields": {"date": "2018-06-13", "read_num": 1, "content_type": 8, "object_id": 35}}, {"model": "read_statistics.readdetail", "pk": 8, "fields": {"date": "2018-06-13", "read_num": 1, "content_type": 8, "object_id": 34}}, {"model": "read_statistics.readdetail", "pk": 9, "fields": {"date": "2018-06-13", "read_num": 1, "content_type": 8, "object_id": 33}}, {"model": "read_statistics.readdetail", "pk": 10, "fields": {"date": "2018-06-13", "read_num": 1, "content_type": 8, "object_id": 32}}, {"model": "read_statistics.readdetail", "pk": 11, "fields": {"date": "2018-06-13", "read_num": 2, "content_type": 8, "object_id": 31}}, {"model": "read_statistics.readdetail", "pk": 12, "fields": {"date": "2018-06-13", "read_num": 2, "content_type": 8, "object_id": 30}}, {"model": "read_statistics.readdetail", "pk": 13, "fields": {"date": "2018-06-13", "read_num": 2, "content_type": 8, "object_id": 29}}, {"model": "read_statistics.readdetail", "pk": 14, "fields": {"date": "2018-06-13", "read_num": 1, "content_type": 8, "object_id": 28}}, {"model": "read_statistics.readdetail", "pk": 15, "fields": {"date": "2018-07-10", "read_num": 13, "content_type": 8, "object_id": 38}}, {"model": "read_statistics.readdetail", "pk": 16, "fields": {"date": "2018-07-13", "read_num": 36, "content_type": 8, "object_id": 38}}, {"model": "read_statistics.readdetail", "pk": 17, "fields": {"date": "2018-07-17", "read_num": 4, "content_type": 8, "object_id": 38}}, {"model": "read_statistics.readdetail", "pk": 18, "fields": {"date": "2018-07-20", "read_num": 20, "content_type": 8, "object_id": 38}}, {"model": "read_statistics.readdetail", "pk": 19, "fields": {"date": "2018-07-20", "read_num": 1, "content_type": 8, "object_id": 36}}, {"model": "read_statistics.readdetail", "pk": 20, "fields": {"date": "2018-07-23", "read_num": 13, "content_type": 8, "object_id": 38}}, {"model": "read_statistics.readdetail", "pk": 21, "fields": {"date": "2018-07-23", "read_num": 4, "content_type": 8, "object_id": 37}}, {"model": "read_statistics.readdetail", "pk": 22, "fields": {"date": "2018-07-23", "read_num": 1, "content_type": 8, "object_id": 36}}, {"model": "read_statistics.readdetail", "pk": 23, "fields": {"date": "2018-07-25", "read_num": 1, "content_type": 8, "object_id": 38}}, {"model": "read_statistics.readdetail", "pk": 24, "fields": {"date": "2018-07-26", "read_num": 1, "content_type": 8, "object_id": 38}}, {"model": "read_statistics.readdetail", "pk": 25, "fields": {"date": "2018-07-26", "read_num": 1, "content_type": 8, "object_id": 37}}, {"model": "read_statistics.readdetail", "pk": 26, "fields": {"date": "2018-07-30", "read_num": 1, "content_type": 8, "object_id": 38}}, {"model": "read_statistics.readdetail", "pk": 27, "fields": {"date": "2018-07-31", "read_num": 5, "content_type": 8, "object_id": 38}}, {"model": "read_statistics.readdetail", "pk": 28, "fields": {"date": "2018-07-31", "read_num": 1, "content_type": 8, "object_id": 37}}, {"model": "read_statistics.readdetail", "pk": 29, "fields": {"date": "2018-08-06", "read_num": 1, "content_type": 8, "object_id": 38}}, {"model": "read_statistics.readdetail", "pk": 30, "fields": {"date": "2018-08-07", "read_num": 2, "content_type": 8, "object_id": 38}}, {"model": "read_statistics.readdetail", "pk": 31, "fields": {"date": "2018-08-08", "read_num": 1, "content_type": 8, "object_id": 38}}, {"model": "read_statistics.readdetail", "pk": 32, "fields": {"date": "2018-08-09", "read_num": 1, "content_type": 8, "object_id": 38}}, {"model": "likes.likecount", "pk": 1, "fields": {"content_type": 8, "object_id": 38, "liked_num": 1}}, {"model": "likes.likecount", "pk": 2, "fields": {"content_type": 8, "object_id": 37, "liked_num": 1}}, {"model": "likes.likecount", "pk": 3, "fields": {"content_type": 8, "object_id": 36, "liked_num": 0}}, {"model": "likes.likecount", "pk": 4, "fields": {"content_type": 8, "object_id": 35, "liked_num": 0}}, {"model": "likes.likecount", "pk": 5, "fields": {"content_type": 8, "object_id": 34, "liked_num": 0}}, {"model": "likes.likecount", "pk": 6, "fields": {"content_type": 8, "object_id": 33, "liked_num": 0}}, {"model": "likes.likecount", "pk": 7, "fields": {"content_type": 8, "object_id": 32, "liked_num": 0}}, {"model": "likes.likecount", "pk": 8, "fields": {"content_type": 12, "object_id": 70, "liked_num": 0}}, {"model": "likes.likecount", "pk": 9, "fields": {"content_type": 12, "object_id": 66, "liked_num": 0}}, {"model": "likes.likecount", "pk": 10, "fields": {"content_type": 12, "object_id": 67, "liked_num": 0}}, {"model": "likes.likecount", "pk": 11, "fields": {"content_type": 12, "object_id": 68, "liked_num": 0}}, {"model": "likes.likecount", "pk": 12, "fields": {"content_type": 12, "object_id": 69, "liked_num": 0}}, {"model": "likes.likecount", "pk": 13, "fields": {"content_type": 12, "object_id": 65, "liked_num": 0}}, {"model": "likes.likecount", "pk": 14, "fields": {"content_type": 12, "object_id": 64, "liked_num": 0}}, {"model": "likes.likecount", "pk": 15, "fields": {"content_type": 12, "object_id": 63, "liked_num": 0}}, {"model": "likes.likecount", "pk": 16, "fields": {"content_type": 12, "object_id": 62, "liked_num": 0}}, {"model": "likes.likecount", "pk": 17, "fields": {"content_type": 12, "object_id": 61, "liked_num": 0}}, {"model": "likes.likecount", "pk": 18, "fields": {"content_type": 12, "object_id": 60, "liked_num": 0}}, {"model": "likes.likecount", "pk": 19, "fields": {"content_type": 12, "object_id": 59, "liked_num": 0}}, {"model": "likes.likecount", "pk": 20, "fields": {"content_type": 12, "object_id": 58, "liked_num": 0}}, {"model": "likes.likecount", "pk": 21, "fields": {"content_type": 12, "object_id": 57, "liked_num": 0}}, {"model": "likes.likecount", "pk": 22, "fields": {"content_type": 12, "object_id": 56, "liked_num": 0}}, {"model": "likes.likecount", "pk": 23, "fields": {"content_type": 12, "object_id": 55, "liked_num": 0}}, {"model": "likes.likecount", "pk": 24, "fields": {"content_type": 12, "object_id": 54, "liked_num": 0}}, {"model": "likes.likecount", "pk": 25, "fields": {"content_type": 12, "object_id": 53, "liked_num": 0}}, {"model": "likes.likecount", "pk": 26, "fields": {"content_type": 12, "object_id": 50, "liked_num": 0}}, {"model": "likes.likecount", "pk": 27, "fields": {"content_type": 12, "object_id": 51, "liked_num": 0}}, {"model": "likes.likecount", "pk": 28, "fields": {"content_type": 12, "object_id": 52, "liked_num": 0}}, {"model": "likes.likecount", "pk": 29, "fields": {"content_type": 12, "object_id": 48, "liked_num": 0}}, {"model": "likes.likecount", "pk": 30, "fields": {"content_type": 12, "object_id": 44, "liked_num": 0}}, {"model": "likes.likecount", "pk": 31, "fields": {"content_type": 12, "object_id": 45, "liked_num": 0}}, {"model": "likes.likecount", "pk": 32, "fields": {"content_type": 12, "object_id": 46, "liked_num": 0}}, {"model": "likes.likecount", "pk": 33, "fields": {"content_type": 12, "object_id": 47, "liked_num": 0}}, {"model": "likes.likecount", "pk": 34, "fields": {"content_type": 12, "object_id": 37, "liked_num": 0}}, {"model": "likes.likecount", "pk": 35, "fields": {"content_type": 12, "object_id": 38, "liked_num": 0}}, {"model": "likes.likecount", "pk": 36, "fields": {"content_type": 12, "object_id": 40, "liked_num": 0}}, {"model": "likes.likecount", "pk": 37, "fields": {"content_type": 12, "object_id": 42, "liked_num": 0}}, {"model": "likes.likecount", "pk": 38, "fields": {"content_type": 12, "object_id": 36, "liked_num": 0}}, {"model": "likes.likecount", "pk": 39, "fields": {"content_type": 12, "object_id": 41, "liked_num": 0}}, {"model": "likes.likecount", "pk": 40, "fields": {"content_type": 12, "object_id": 35, "liked_num": 0}}, {"model": "likes.likecount", "pk": 41, "fields": {"content_type": 12, "object_id": 34, "liked_num": 0}}, {"model": "likes.likecount", "pk": 42, "fields": {"content_type": 12, "object_id": 32, "liked_num": 0}}, {"model": "likes.likecount", "pk": 43, "fields": {"content_type": 12, "object_id": 33, "liked_num": 0}}, {"model": "likes.likecount", "pk": 44, "fields": {"content_type": 12, "object_id": 39, "liked_num": 0}}, {"model": "likes.likecount", "pk": 45, "fields": {"content_type": 12, "object_id": 43, "liked_num": 0}}, {"model": "likes.likecount", "pk": 46, "fields": {"content_type": 12, "object_id": 31, "liked_num": 0}}, {"model": "likes.likecount", "pk": 47, "fields": {"content_type": 12, "object_id": 30, "liked_num": 0}}, {"model": "likes.likecount", "pk": 48, "fields": {"content_type": 12, "object_id": 29, "liked_num": 0}}, {"model": "likes.likecount", "pk": 49, "fields": {"content_type": 12, "object_id": 27, "liked_num": 0}}, {"model": "likes.likecount", "pk": 50, "fields": {"content_type": 12, "object_id": 26, "liked_num": 0}}, {"model": "likes.likecount", "pk": 51, "fields": {"content_type": 12, "object_id": 25, "liked_num": 0}}, {"model": "likes.likecount", "pk": 52, "fields": {"content_type": 12, "object_id": 24, "liked_num": 0}}, {"model": "likes.likecount", "pk": 53, "fields": {"content_type": 12, "object_id": 23, "liked_num": 0}}, {"model": "likes.likecount", "pk": 54, "fields": {"content_type": 12, "object_id": 22, "liked_num": 0}}, {"model": "likes.likecount", "pk": 55, "fields": {"content_type": 12, "object_id": 21, "liked_num": 0}}, {"model": "likes.likecount", "pk": 56, "fields": {"content_type": 12, "object_id": 20, "liked_num": 0}}, {"model": "likes.likecount", "pk": 57, "fields": {"content_type": 12, "object_id": 19, "liked_num": 0}}, {"model": "likes.likecount", "pk": 58, "fields": {"content_type": 12, "object_id": 18, "liked_num": 0}}, {"model": "likes.likecount", "pk": 59, "fields": {"content_type": 12, "object_id": 17, "liked_num": 0}}, {"model": "likes.likecount", "pk": 60, "fields": {"content_type": 12, "object_id": 16, "liked_num": 0}}, {"model": "likes.likecount", "pk": 61, "fields": {"content_type": 12, "object_id": 15, "liked_num": 0}}, {"model": "likes.likecount", "pk": 62, "fields": {"content_type": 12, "object_id": 14, "liked_num": 0}}, {"model": "likes.likecount", "pk": 63, "fields": {"content_type": 12, "object_id": 13, "liked_num": 0}}, {"model": "likes.likecount", "pk": 64, "fields": {"content_type": 12, "object_id": 12, "liked_num": 0}}, {"model": "likes.likecount", "pk": 65, "fields": {"content_type": 12, "object_id": 11, "liked_num": 0}}, {"model": "likes.likecount", "pk": 66, "fields": {"content_type": 12, "object_id": 10, "liked_num": 0}}, {"model": "likes.likecount", "pk": 67, "fields": {"content_type": 12, "object_id": 9, "liked_num": 0}}, {"model": "likes.likecount", "pk": 68, "fields": {"content_type": 12, "object_id": 8, "liked_num": 0}}, {"model": "likes.likecount", "pk": 69, "fields": {"content_type": 12, "object_id": 7, "liked_num": 0}}, {"model": "likes.likecount", "pk": 70, "fields": {"content_type": 12, "object_id": 6, "liked_num": 0}}, {"model": "likes.likecount", "pk": 71, "fields": {"content_type": 12, "object_id": 5, "liked_num": 0}}, {"model": "likes.likecount", "pk": 72, "fields": {"content_type": 12, "object_id": 4, "liked_num": 0}}, {"model": "likes.likecount", "pk": 73, "fields": {"content_type": 12, "object_id": 49, "liked_num": 1}}, {"model": "likes.likecount", "pk": 74, "fields": {"content_type": 12, "object_id": 71, "liked_num": 0}}, {"model": "likes.likecount", "pk": 75, "fields": {"content_type": 12, "object_id": 72, "liked_num": 1}}, {"model": "likes.likecount", "pk": 76, "fields": {"content_type": 12, "object_id": 73, "liked_num": 1}}, {"model": "likes.likecount", "pk": 77, "fields": {"content_type": 12, "object_id": 74, "liked_num": 0}}, {"model": "likes.likecount", "pk": 78, "fields": {"content_type": 12, "object_id": 75, "liked_num": 0}}, {"model": "likes.likecount", "pk": 79, "fields": {"content_type": 8, "object_id": 31, "liked_num": 0}}, {"model": "likes.likecount", "pk": 80, "fields": {"content_type": 8, "object_id": 30, "liked_num": 0}}, {"model": "likes.likecount", "pk": 81, "fields": {"content_type": 8, "object_id": 4, "liked_num": 0}}, {"model": "likes.likecount", "pk": 82, "fields": {"content_type": 8, "object_id": 2, "liked_num": 0}}, {"model": "likes.likecount", "pk": 83, "fields": {"content_type": 8, "object_id": 1, "liked_num": 0}}, {"model": "likes.likecount", "pk": 84, "fields": {"content_type": 8, "object_id": 3, "liked_num": 0}}, {"model": "likes.likecount", "pk": 85, "fields": {"content_type": 8, "object_id": 5, "liked_num": 0}}, {"model": "likes.likecount", "pk": 86, "fields": {"content_type": 12, "object_id": 76, "liked_num": 0}}, {"model": "likes.likecount", "pk": 87, "fields": {"content_type": 12, "object_id": 82, "liked_num": 0}}, {"model": "likes.likecount", "pk": 88, "fields": {"content_type": 12, "object_id": 81, "liked_num": 0}}, {"model": "likes.likecount", "pk": 89, "fields": {"content_type": 12, "object_id": 80, "liked_num": 0}}, {"model": "likes.likecount", "pk": 90, "fields": {"content_type": 12, "object_id": 79, "liked_num": 0}}, {"model": "likes.likecount", "pk": 91, "fields": {"content_type": 12, "object_id": 77, "liked_num": 0}}, {"model": "likes.likecount", "pk": 92, "fields": {"content_type": 12, "object_id": 78, "liked_num": 0}}, {"model": "likes.likecount", "pk": 93, "fields": {"content_type": 12, "object_id": 83, "liked_num": 0}}, {"model": "likes.likecount", "pk": 94, "fields": {"content_type": 12, "object_id": 85, "liked_num": 0}}, {"model": "likes.likecount", "pk": 95, "fields": {"content_type": 12, "object_id": 84, "liked_num": 0}}, {"model": "likes.likecount", "pk": 96, "fields": {"content_type": 12, "object_id": 88, "liked_num": 0}}, {"model": "likes.likecount", "pk": 97, "fields": {"content_type": 12, "object_id": 87, "liked_num": 0}}, {"model": "likes.likecount", "pk": 98, "fields": {"content_type": 12, "object_id": 86, "liked_num": 0}}, {"model": "likes.likecount", "pk": 99, "fields": {"content_type": 12, "object_id": 89, "liked_num": 0}}, {"model": "likes.likecount", "pk": 100, "fields": {"content_type": 12, "object_id": 90, "liked_num": 0}}, {"model": "auth.permission", "pk": 1, "fields": {"name": "Can add log entry", "content_type": 1, "codename": "add_logentry"}}, {"model": "auth.permission", "pk": 2, "fields": {"name": "Can change log entry", "content_type": 1, "codename": "change_logentry"}}, {"model": "auth.permission", "pk": 3, "fields": {"name": "Can delete log entry", "content_type": 1, "codename": "delete_logentry"}}, {"model": "auth.permission", "pk": 4, "fields": {"name": "Can add permission", "content_type": 2, "codename": "add_permission"}}, {"model": "auth.permission", "pk": 5, "fields": {"name": "Can change permission", "content_type": 2, "codename": "change_permission"}}, {"model": "auth.permission", "pk": 6, "fields": {"name": "Can delete permission", "content_type": 2, "codename": "delete_permission"}}, {"model": "auth.permission", "pk": 7, "fields": {"name": "Can add group", "content_type": 3, "codename": "add_group"}}, {"model": "auth.permission", "pk": 8, "fields": {"name": "Can change group", "content_type": 3, "codename": "change_group"}}, {"model": "auth.permission", "pk": 9, "fields": {"name": "Can delete group", "content_type": 3, "codename": "delete_group"}}, {"model": "auth.permission", "pk": 10, "fields": {"name": "Can add user", "content_type": 4, "codename": "add_user"}}, {"model": "auth.permission", "pk": 11, "fields": {"name": "Can change user", "content_type": 4, "codename": "change_user"}}, {"model": "auth.permission", "pk": 12, "fields": {"name": "Can delete user", "content_type": 4, "codename": "delete_user"}}, {"model": "auth.permission", "pk": 13, "fields": {"name": "Can add content type", "content_type": 5, "codename": "add_contenttype"}}, {"model": "auth.permission", "pk": 14, "fields": {"name": "Can change content type", "content_type": 5, "codename": "change_contenttype"}}, {"model": "auth.permission", "pk": 15, "fields": {"name": "Can delete content type", "content_type": 5, "codename": "delete_contenttype"}}, {"model": "auth.permission", "pk": 16, "fields": {"name": "Can add session", "content_type": 6, "codename": "add_session"}}, {"model": "auth.permission", "pk": 17, "fields": {"name": "Can change session", "content_type": 6, "codename": "change_session"}}, {"model": "auth.permission", "pk": 18, "fields": {"name": "Can delete session", "content_type": 6, "codename": "delete_session"}}, {"model": "auth.permission", "pk": 19, "fields": {"name": "Can add blog type", "content_type": 7, "codename": "add_blogtype"}}, {"model": "auth.permission", "pk": 20, "fields": {"name": "Can change blog type", "content_type": 7, "codename": "change_blogtype"}}, {"model": "auth.permission", "pk": 21, "fields": {"name": "Can delete blog type", "content_type": 7, "codename": "delete_blogtype"}}, {"model": "auth.permission", "pk": 22, "fields": {"name": "Can add blog", "content_type": 8, "codename": "add_blog"}}, {"model": "auth.permission", "pk": 23, "fields": {"name": "Can change blog", "content_type": 8, "codename": "change_blog"}}, {"model": "auth.permission", "pk": 24, "fields": {"name": "Can delete blog", "content_type": 8, "codename": "delete_blog"}}, {"model": "auth.permission", "pk": 25, "fields": {"name": "Can add read num", "content_type": 9, "codename": "add_readnum"}}, {"model": "auth.permission", "pk": 26, "fields": {"name": "Can change read num", "content_type": 9, "codename": "change_readnum"}}, {"model": "auth.permission", "pk": 27, "fields": {"name": "Can delete read num", "content_type": 9, "codename": "delete_readnum"}}, {"model": "auth.permission", "pk": 28, "fields": {"name": "Can add read num", "content_type": 10, "codename": "add_readnum"}}, {"model": "auth.permission", "pk": 29, "fields": {"name": "Can change read num", "content_type": 10, "codename": "change_readnum"}}, {"model": "auth.permission", "pk": 30, "fields": {"name": "Can delete read num", "content_type": 10, "codename": "delete_readnum"}}, {"model": "auth.permission", "pk": 31, "fields": {"name": "Can add read detail", "content_type": 11, "codename": "add_readdetail"}}, {"model": "auth.permission", "pk": 32, "fields": {"name": "Can change read detail", "content_type": 11, "codename": "change_readdetail"}}, {"model": "auth.permission", "pk": 33, "fields": {"name": "Can delete read detail", "content_type": 11, "codename": "delete_readdetail"}}, {"model": "auth.permission", "pk": 34, "fields": {"name": "Can add comment", "content_type": 12, "codename": "add_comment"}}, {"model": "auth.permission", "pk": 35, "fields": {"name": "Can change comment", "content_type": 12, "codename": "change_comment"}}, {"model": "auth.permission", "pk": 36, "fields": {"name": "Can delete comment", "content_type": 12, "codename": "delete_comment"}}, {"model": "auth.permission", "pk": 37, "fields": {"name": "Can add like count", "content_type": 13, "codename": "add_likecount"}}, {"model": "auth.permission", "pk": 38, "fields": {"name": "Can change like count", "content_type": 13, "codename": "change_likecount"}}, {"model": "auth.permission", "pk": 39, "fields": {"name": "Can delete like count", "content_type": 13, "codename": "delete_likecount"}}, {"model": "auth.permission", "pk": 40, "fields": {"name": "Can add like record", "content_type": 14, "codename": "add_likerecord"}}, {"model": "auth.permission", "pk": 41, "fields": {"name": "Can change like record", "content_type": 14, "codename": "change_likerecord"}}, {"model": "auth.permission", "pk": 42, "fields": {"name": "Can delete like record", "content_type": 14, "codename": "delete_likerecord"}}, {"model": "auth.permission", "pk": 43, "fields": {"name": "Can add profile", "content_type": 15, "codename": "add_profile"}}, {"model": "auth.permission", "pk": 44, "fields": {"name": "Can change profile", "content_type": 15, "codename": "change_profile"}}, {"model": "auth.permission", "pk": 45, "fields": {"name": "Can delete profile", "content_type": 15, "codename": "delete_profile"}}, {"model": "auth.user", "pk": 1, "fields": {"password": "pbkdf2_sha256$100000$v4dyaxO4jPWK$/s536EApdcgjCWFfAAULzZ7Q3oxo7Gj5b0cUDAiaRa8=", "last_login": "2018-08-09T03:25:21.983Z", "is_superuser": true, "username": "zcc", "first_name": "", "last_name": "", "email": "schean@163.com", "is_staff": true, "is_active": true, "date_joined": "2018-04-24T06:56:00Z", "groups": [], "user_permissions": []}}, {"model": "auth.user", "pk": 4, "fields": {"password": "pbkdf2_sha256$100000$39xNvaPIEpi3$4t0l26Mx3selpD6dkU/b9XK/k0XdON5kJuYWt0geolU=", "last_login": "2018-08-07T05:17:41.733Z", "is_superuser": false, "username": "zcc1", "first_name": "", "last_name": "", "email": "zcc@qq.com", "is_staff": false, "is_active": true, "date_joined": "2018-08-07T05:17:31.678Z", "groups": [], "user_permissions": []}}, {"model": "auth.user", "pk": 5, "fields": {"password": "pbkdf2_sha256$100000$GSzA1OSOPIAu$Ty/46VU27gMgLgtB50m3nSdgLiS9zGaXKiMipoQwBmA=", "last_login": "2018-08-09T03:24:51.927Z", "is_superuser": false, "username": "schean", "first_name": "", "last_name": "", "email": "1498212779@qq.com", "is_staff": false, "is_active": true, "date_joined": "2018-08-08T03:34:51.074Z", "groups": [], "user_permissions": []}}, {"model": "blog.blog", "pk": 1, "fields": {"title": "\u7b2c\u4e00\u7bc7\u535a\u5ba2", "blog_type": 2, "content": "\u8fd9\u662f\u7b2c\u4e00\u7bc7\u535a\u5ba2", "author": 1, "created_time": "2018-04-24T07:44:09.915Z", "last_updated_time": "2018-04-24T07:44:09.915Z"}}, {"model": "blog.blog", "pk": 2, "fields": {"title": "\u7b2c\u4e8c\u7bc7\u535a\u5ba2", "blog_type": 2, "content": "aaaaaaaaaaaaaa", "author": 1, "created_time": "2018-04-25T08:12:24.514Z", "last_updated_time": "2018-04-25T08:12:24.514Z"}}, {"model": "blog.blog", "pk": 3, "fields": {"title": "\u957f\u5185\u5bb9\u6d4b\u8bd5", "blog_type": 3, "content": "<h1>1\u3001\u6d4b\u8bd5</h1>\r\n\r\n<p>\u554a\u5b9e\u6253\u5b9e\u7684\u554a\u5b9e\u6253\u5b9e\u7684\u554a\u5b9e\u6253\u5b9e\u7684\u554a\u5b9e<strong>\u6253\u5b9e\u7684</strong><br />\r\n\u554a\u5b9e\u6253\u5b9e</p>\r\n\r\n<p><span style=\"background-color:#16a085\">sdas asdasda&nbsp;</span></p>\r\n\r\n<p><span style=\"background-color:#16a085\"><img alt=\"\" src=\"/media/upload/2018/05/13/01_gettyimages-800883934_medium_resized.jpg\" style=\"height:240px\" /></span></p>\r\n\r\n<p><span style=\"background-color:#16a085\"><span style=\"color:#8e44ad\">adsdas</span></span></p>\r\n\r\n<p><span style=\"color:#8e44ad\"><span style=\"background-color:null\">sdasasd</span></span></p>\r\n\r\n<p><span style=\"color:#8e44ad\"><span style=\"background-color:null\">asssasdas</span></span></p>", "author": 1, "created_time": "2018-04-25T08:20:35.082Z", "last_updated_time": "2018-05-13T06:09:17.739Z"}}, {"model": "blog.blog", "pk": 4, "fields": {"title": "\u968f\u7b142", "blog_type": 2, "content": "\u554a\u5b9e\u6253\u5b9e\u7684", "author": 1, "created_time": "2018-04-26T02:20:24.752Z", "last_updated_time": "2018-04-26T02:20:24.752Z"}}, {"model": "blog.blog", "pk": 5, "fields": {"title": "django1", "blog_type": 1, "content": "djangodjango", "author": 1, "created_time": "2018-04-26T02:20:42.516Z", "last_updated_time": "2018-04-26T02:20:42.516Z"}}, {"model": "blog.blog", "pk": 6, "fields": {"title": "shell\u6a21\u5f0f\u4e0b\u6d4b\u8bd5", "blog_type": 1, "content": "xxxxx", "author": 1, "created_time": "2018-05-06T04:08:04.299Z", "last_updated_time": "2018-05-06T04:08:04.299Z"}}, {"model": "blog.blog", "pk": 7, "fields": {"title": "for 1", "blog_type": 1, "content": "", "author": 1, "created_time": "2018-05-06T04:14:58.673Z", "last_updated_time": "2018-05-06T04:14:58.673Z"}}, {"model": "blog.blog", "pk": 8, "fields": {"title": "for 2", "blog_type": 1, "content": "", "author": 1, "created_time": "2018-05-06T04:14:58.800Z", "last_updated_time": "2018-05-06T04:14:58.800Z"}}, {"model": "blog.blog", "pk": 9, "fields": {"title": "for 3", "blog_type": 1, "content": "", "author": 1, "created_time": "2018-05-06T04:14:58.922Z", "last_updated_time": "2018-05-06T04:14:58.922Z"}}, {"model": "blog.blog", "pk": 10, "fields": {"title": "for 4", "blog_type": 1, "content": "", "author": 1, "created_time": "2018-05-06T04:14:59.045Z", "last_updated_time": "2018-05-06T04:14:59.045Z"}}, {"model": "blog.blog", "pk": 11, "fields": {"title": "for 5", "blog_type": 1, "content": "", "author": 1, "created_time": "2018-05-06T04:14:59.256Z", "last_updated_time": "2018-05-06T04:14:59.256Z"}}, {"model": "blog.blog", "pk": 12, "fields": {"title": "for 6", "blog_type": 1, "content": "", "author": 1, "created_time": "2018-05-06T04:14:59.366Z", "last_updated_time": "2018-05-06T04:14:59.367Z"}}, {"model": "blog.blog", "pk": 13, "fields": {"title": "for 7", "blog_type": 1, "content": "", "author": 1, "created_time": "2018-05-06T04:14:59.479Z", "last_updated_time": "2018-05-06T04:14:59.479Z"}}, {"model": "blog.blog", "pk": 14, "fields": {"title": "for 8", "blog_type": 1, "content": "", "author": 1, "created_time": "2018-05-06T04:14:59.599Z", "last_updated_time": "2018-05-06T04:14:59.599Z"}}, {"model": "blog.blog", "pk": 15, "fields": {"title": "for 9", "blog_type": 1, "content": "", "author": 1, "created_time": "2018-05-06T04:14:59.733Z", "last_updated_time": "2018-05-06T04:14:59.733Z"}}, {"model": "blog.blog", "pk": 16, "fields": {"title": "for 10", "blog_type": 1, "content": "", "author": 1, "created_time": "2018-05-06T04:14:59.877Z", "last_updated_time": "2018-05-06T04:14:59.877Z"}}, {"model": "blog.blog", "pk": 17, "fields": {"title": "for 11", "blog_type": 1, "content": "", "author": 1, "created_time": "2018-05-06T04:14:59.989Z", "last_updated_time": "2018-05-06T04:14:59.989Z"}}, {"model": "blog.blog", "pk": 18, "fields": {"title": "for 12", "blog_type": 1, "content": "", "author": 1, "created_time": "2018-05-06T04:15:00.122Z", "last_updated_time": "2018-05-06T04:15:00.122Z"}}, {"model": "blog.blog", "pk": 19, "fields": {"title": "for 13", "blog_type": 1, "content": "", "author": 1, "created_time": "2018-05-06T04:15:00.257Z", "last_updated_time": "2018-05-06T04:15:00.259Z"}}, {"model": "blog.blog", "pk": 20, "fields": {"title": "for 14", "blog_type": 1, "content": "", "author": 1, "created_time": "2018-05-06T04:15:00.389Z", "last_updated_time": "2018-05-06T04:15:00.389Z"}}, {"model": "blog.blog", "pk": 21, "fields": {"title": "for 15", "blog_type": 1, "content": "", "author": 1, "created_time": "2018-05-06T04:15:00.546Z", "last_updated_time": "2018-05-06T04:15:00.546Z"}}, {"model": "blog.blog", "pk": 22, "fields": {"title": "for 16", "blog_type": 1, "content": "", "author": 1, "created_time": "2018-05-06T04:15:00.669Z", "last_updated_time": "2018-05-06T04:15:00.669Z"}}, {"model": "blog.blog", "pk": 23, "fields": {"title": "for 17", "blog_type": 1, "content": "", "author": 1, "created_time": "2018-05-06T04:15:00.790Z", "last_updated_time": "2018-05-06T04:15:00.790Z"}}, {"model": "blog.blog", "pk": 24, "fields": {"title": "for 18", "blog_type": 1, "content": "", "author": 1, "created_time": "2018-05-06T04:15:00.899Z", "last_updated_time": "2018-05-06T04:15:00.899Z"}}, {"model": "blog.blog", "pk": 25, "fields": {"title": "for 19", "blog_type": 1, "content": "", "author": 1, "created_time": "2018-05-06T04:15:01.018Z", "last_updated_time": "2018-05-06T04:15:01.018Z"}}, {"model": "blog.blog", "pk": 26, "fields": {"title": "for 20", "blog_type": 1, "content": "", "author": 1, "created_time": "2018-05-06T04:15:01.143Z", "last_updated_time": "2018-05-06T04:15:01.144Z"}}, {"model": "blog.blog", "pk": 27, "fields": {"title": "for 21", "blog_type": 1, "content": "", "author": 1, "created_time": "2018-05-06T04:15:01.278Z", "last_updated_time": "2018-05-06T04:15:01.278Z"}}, {"model": "blog.blog", "pk": 28, "fields": {"title": "for 22", "blog_type": 1, "content": "", "author": 1, "created_time": "2018-05-06T04:15:01.399Z", "last_updated_time": "2018-05-06T04:15:01.399Z"}}, {"model": "blog.blog", "pk": 29, "fields": {"title": "for 23", "blog_type": 1, "content": "", "author": 1, "created_time": "2018-05-06T04:15:01.524Z", "last_updated_time": "2018-05-06T04:15:01.525Z"}}, {"model": "blog.blog", "pk": 30, "fields": {"title": "for 24", "blog_type": 1, "content": "", "author": 1, "created_time": "2018-05-06T04:15:01.653Z", "last_updated_time": "2018-05-06T04:15:01.653Z"}}, {"model": "blog.blog", "pk": 31, "fields": {"title": "for 25", "blog_type": 1, "content": "", "author": 1, "created_time": "2018-05-06T04:15:01.768Z", "last_updated_time": "2018-05-06T04:15:01.768Z"}}, {"model": "blog.blog", "pk": 32, "fields": {"title": "for 26", "blog_type": 1, "content": "", "author": 1, "created_time": "2018-05-06T04:15:01.889Z", "last_updated_time": "2018-05-06T04:15:01.889Z"}}, {"model": "blog.blog", "pk": 33, "fields": {"title": "for 27", "blog_type": 1, "content": "zzzzzzzzzzzz", "author": 1, "created_time": "2018-05-06T04:15:02.023Z", "last_updated_time": "2018-05-13T04:13:26.207Z"}}, {"model": "blog.blog", "pk": 34, "fields": {"title": "for 28", "blog_type": 1, "content": "zzzzzzzzzzz", "author": 1, "created_time": "2018-05-06T04:15:02.144Z", "last_updated_time": "2018-05-13T04:13:19.892Z"}}, {"model": "blog.blog", "pk": 35, "fields": {"title": "for 29", "blog_type": 1, "content": "zzzzzzzzzzzzz", "author": 1, "created_time": "2018-05-06T04:15:02.257Z", "last_updated_time": "2018-05-13T06:46:53.307Z"}}, {"model": "blog.blog", "pk": 36, "fields": {"title": "for 30", "blog_type": 1, "content": "<p>zxc</p>", "author": 1, "created_time": "2018-05-06T04:15:02.377Z", "last_updated_time": "2018-05-13T06:50:02.964Z"}}, {"model": "blog.blog", "pk": 37, "fields": {"title": "\u65f6\u95f4", "blog_type": 2, "content": "<p>\u770b\u53d1\u8868\u65f6\u95f4\u662f\u4e0d\u662f\u4e09\u70b9/\u5341\u4e94\u70b9</p>", "author": 1, "created_time": "2018-06-11T07:10:16.574Z", "last_updated_time": "2018-06-11T07:10:16.575Z"}}, {"model": "blog.blog", "pk": 38, "fields": {"title": "\u65f6\u95f42", "blog_type": 2, "content": "<p>\u770b\u65f6\u95f4\u662f\u4e0d\u662f15\u70b911\u5206</p>", "author": 1, "created_time": "2018-06-11T07:11:39.742Z", "last_updated_time": "2018-06-11T07:11:39.742Z"}}, {"model": "comment.comment", "pk": 4, "fields": {"content_type": 8, "object_id": 38, "text": "456", "comment_time": "2018-07-13T03:14:58.187Z", "user": 1, "root": null, "parent": null, "reply_to": null}}, {"model": "comment.comment", "pk": 5, "fields": {"content_type": 8, "object_id": 38, "text": "qqq", "comment_time": "2018-07-23T03:57:25.334Z", "user": 1, "root": null, "parent": null, "reply_to": null}}, {"model": "comment.comment", "pk": 6, "fields": {"content_type": 8, "object_id": 38, "text": "c", "comment_time": "2018-07-23T03:58:47.146Z", "user": 1, "root": null, "parent": null, "reply_to": null}}, {"model": "comment.comment", "pk": 7, "fields": {"content_type": 8, "object_id": 38, "text": "c", "comment_time": "2018-07-23T03:58:50.715Z", "user": 1, "root": null, "parent": null, "reply_to": null}}, {"model": "comment.comment", "pk": 8, "fields": {"content_type": 8, "object_id": 38, "text": "a", "comment_time": "2018-07-23T03:58:55.885Z", "user": 1, "root": null, "parent": null, "reply_to": null}}, {"model": "comment.comment", "pk": 9, "fields": {"content_type": 8, "object_id": 38, "text": "1", "comment_time": "2018-07-23T04:56:36.573Z", "user": 1, "root": null, "parent": null, "reply_to": null}}, {"model": "comment.comment", "pk": 10, "fields": {"content_type": 8, "object_id": 38, "text": "j", "comment_time": "2018-07-23T04:56:55.367Z", "user": 1, "root": null, "parent": null, "reply_to": null}}, {"model": "comment.comment", "pk": 11, "fields": {"content_type": 8, "object_id": 38, "text": "s", "comment_time": "2018-07-23T05:03:14.236Z", "user": 1, "root": null, "parent": null, "reply_to": null}}, {"model": "comment.comment", "pk": 12, "fields": {"content_type": 8, "object_id": 38, "text": "s", "comment_time": "2018-07-23T05:04:10.193Z", "user": 1, "root": null, "parent": null, "reply_to": null}}, {"model": "comment.comment", "pk": 13, "fields": {"content_type": 8, "object_id": 38, "text": "<p>123</p>", "comment_time": "2018-07-23T06:10:17.860Z", "user": 1, "root": null, "parent": null, "reply_to": null}}, {"model": "comment.comment", "pk": 14, "fields": {"content_type": 8, "object_id": 38, "text": "<p><s>123</s></p>", "comment_time": "2018-07-23T06:10:32.509Z", "user": 1, "root": null, "parent": null, "reply_to": null}}, {"model": "comment.comment", "pk": 15, "fields": {"content_type": 8, "object_id": 38, "text": "<p>asd</p>", "comment_time": "2018-07-23T07:16:05.410Z", "user": 1, "root": null, "parent": null, "reply_to": null}}, {"model": "comment.comment", "pk": 16, "fields": {"content_type": 8, "object_id": 38, "text": "<p>a</p>", "comment_time": "2018-07-23T07:16:39.692Z", "user": 1, "root": null, "parent": null, "reply_to": null}}, {"model": "comment.comment", "pk": 17, "fields": {"content_type": 8, "object_id": 38, "text": "<p>aa</p>", "comment_time": "2018-07-23T07:19:50.734Z", "user": 1, "root": null, "parent": null, "reply_to": null}}, {"model": "comment.comment", "pk": 18, "fields": {"content_type": 8, "object_id": 38, "text": "<p>a</p>", "comment_time": "2018-07-23T07:20:46.852Z", "user": 1, "root": null, "parent": null, "reply_to": null}}, {"model": "comment.comment", "pk": 19, "fields": {"content_type": 8, "object_id": 38, "text": "<p>a</p>", "comment_time": "2018-07-23T07:31:19.830Z", "user": 1, "root": null, "parent": null, "reply_to": null}}, {"model": "comment.comment", "pk": 20, "fields": {"content_type": 8, "object_id": 38, "text": "<p>a</p>", "comment_time": "2018-07-23T07:32:21.432Z", "user": 1, "root": null, "parent": null, "reply_to": null}}, {"model": "comment.comment", "pk": 21, "fields": {"content_type": 8, "object_id": 38, "text": "<p>a</p>", "comment_time": "2018-07-23T07:32:22.758Z", "user": 1, "root": null, "parent": null, "reply_to": null}}, {"model": "comment.comment", "pk": 22, "fields": {"content_type": 8, "object_id": 38, "text": "<p>a</p>", "comment_time": "2018-07-23T07:32:27.463Z", "user": 1, "root": null, "parent": null, "reply_to": null}}, {"model": "comment.comment", "pk": 23, "fields": {"content_type": 8, "object_id": 38, "text": "<p>a</p>", "comment_time": "2018-07-23T07:33:59.075Z", "user": 1, "root": null, "parent": null, "reply_to": null}}, {"model": "comment.comment", "pk": 24, "fields": {"content_type": 8, "object_id": 38, "text": "<p>s</p>", "comment_time": "2018-07-23T07:34:06.831Z", "user": 1, "root": null, "parent": null, "reply_to": null}}, {"model": "comment.comment", "pk": 25, "fields": {"content_type": 8, "object_id": 38, "text": "<p><img alt=\"angel\" height=\"23\" src=\"http://localhost:8000/static/ckeditor/ckeditor/plugins/smiley/images/angel_smile.png\" title=\"angel\" width=\"23\" /></p>", "comment_time": "2018-07-23T07:34:32.087Z", "user": 1, "root": null, "parent": null, "reply_to": null}}, {"model": "comment.comment", "pk": 26, "fields": {"content_type": 8, "object_id": 38, "text": "<p><img alt=\"surprise\" height=\"23\" src=\"http://localhost:8000/static/ckeditor/ckeditor/plugins/smiley/images/omg_smile.png\" title=\"surprise\" width=\"23\" /></p>", "comment_time": "2018-07-23T07:34:43.491Z", "user": 1, "root": null, "parent": null, "reply_to": null}}, {"model": "comment.comment", "pk": 29, "fields": {"content_type": 8, "object_id": 38, "text": "<p>123</p>", "comment_time": "2018-07-25T07:27:50.628Z", "user": 1, "root": null, "parent": null, "reply_to": null}}, {"model": "comment.comment", "pk": 30, "fields": {"content_type": 8, "object_id": 38, "text": "<p>f</p>", "comment_time": "2018-07-26T04:56:53.261Z", "user": 1, "root": null, "parent": null, "reply_to": null}}, {"model": "comment.comment", "pk": 31, "fields": {"content_type": 8, "object_id": 38, "text": "<p>f</p>", "comment_time": "2018-07-26T04:57:58.379Z", "user": 1, "root": null, "parent": null, "reply_to": null}}, {"model": "comment.comment", "pk": 32, "fields": {"content_type": 8, "object_id": 38, "text": "<p>s</p>", "comment_time": "2018-07-26T05:04:37.829Z", "user": 1, "root": null, "parent": null, "reply_to": null}}, {"model": "comment.comment", "pk": 33, "fields": {"content_type": 8, "object_id": 38, "text": "<p>a</p>", "comment_time": "2018-07-26T05:32:17.078Z", "user": 1, "root": 32, "parent": 32, "reply_to": 1}}, {"model": "comment.comment", "pk": 34, "fields": {"content_type": 8, "object_id": 38, "text": "<p>asd</p>", "comment_time": "2018-07-26T05:33:26.474Z", "user": 1, "root": null, "parent": null, "reply_to": null}}, {"model": "comment.comment", "pk": 35, "fields": {"content_type": 8, "object_id": 38, "text": "<p>j</p>", "comment_time": "2018-07-26T06:17:35.257Z", "user": 1, "root": null, "parent": null, "reply_to": null}}, {"model": "comment.comment", "pk": 36, "fields": {"content_type": 8, "object_id": 38, "text": "<p>j</p>", "comment_time": "2018-07-26T06:21:51.584Z", "user": 1, "root": null, "parent": null, "reply_to": null}}, {"model": "comment.comment", "pk": 37, "fields": {"content_type": 8, "object_id": 38, "text": "<p>j</p>", "comment_time": "2018-07-26T06:21:59.551Z", "user": 1, "root": null, "parent": null, "reply_to": null}}, {"model": "comment.comment", "pk": 38, "fields": {"content_type": 8, "object_id": 38, "text": "<p>a</p>", "comment_time": "2018-07-26T06:22:44.567Z", "user": 1, "root": 37, "parent": 37, "reply_to": 1}}, {"model": "comment.comment", "pk": 39, "fields": {"content_type": 8, "object_id": 38, "text": "<p>12123</p>", "comment_time": "2018-07-26T06:24:19.495Z", "user": 1, "root": 32, "parent": 32, "reply_to": 1}}, {"model": "comment.comment", "pk": 40, "fields": {"content_type": 8, "object_id": 38, "text": "<p>as</p>", "comment_time": "2018-07-26T06:26:26.861Z", "user": 1, "root": 37, "parent": 37, "reply_to": 1}}, {"model": "comment.comment", "pk": 41, "fields": {"content_type": 8, "object_id": 38, "text": "<p>asas</p>", "comment_time": "2018-07-26T06:26:38.545Z", "user": 1, "root": 36, "parent": 36, "reply_to": 1}}, {"model": "comment.comment", "pk": 42, "fields": {"content_type": 8, "object_id": 38, "text": "<p>asasas</p>", "comment_time": "2018-07-26T06:26:45.007Z", "user": 1, "root": 37, "parent": 37, "reply_to": 1}}, {"model": "comment.comment", "pk": 43, "fields": {"content_type": 8, "object_id": 38, "text": "<p>d</p>", "comment_time": "2018-07-26T06:27:20.785Z", "user": 1, "root": 32, "parent": 33, "reply_to": 1}}, {"model": "comment.comment", "pk": 44, "fields": {"content_type": 8, "object_id": 38, "text": "<p>1</p>", "comment_time": "2018-07-26T06:30:02.260Z", "user": 1, "root": null, "parent": null, "reply_to": null}}, {"model": "comment.comment", "pk": 45, "fields": {"content_type": 8, "object_id": 38, "text": "<p>2</p>", "comment_time": "2018-07-26T06:30:05.883Z", "user": 1, "root": 44, "parent": 44, "reply_to": 1}}, {"model": "comment.comment", "pk": 46, "fields": {"content_type": 8, "object_id": 38, "text": "<p>3</p>", "comment_time": "2018-07-26T06:30:09.019Z", "user": 1, "root": 44, "parent": 45, "reply_to": 1}}, {"model": "comment.comment", "pk": 47, "fields": {"content_type": 8, "object_id": 38, "text": "<p>4</p>", "comment_time": "2018-07-26T06:33:37.928Z", "user": 1, "root": 44, "parent": 46, "reply_to": 1}}, {"model": "comment.comment", "pk": 48, "fields": {"content_type": 8, "object_id": 38, "text": "<p>zxczxczxc</p>", "comment_time": "2018-07-26T07:07:27.314Z", "user": 1, "root": null, "parent": null, "reply_to": null}}, {"model": "comment.comment", "pk": 49, "fields": {"content_type": 8, "object_id": 37, "text": "<p>asd</p>", "comment_time": "2018-07-26T07:07:54.008Z", "user": 1, "root": null, "parent": null, "reply_to": null}}, {"model": "comment.comment", "pk": 50, "fields": {"content_type": 8, "object_id": 38, "text": "<p>QQQ</p>", "comment_time": "2018-07-26T07:26:44.765Z", "user": 1, "root": null, "parent": null, "reply_to": null}}, {"model": "comment.comment", "pk": 51, "fields": {"content_type": 8, "object_id": 38, "text": "<p>WWW</p>", "comment_time": "2018-07-26T07:26:49.025Z", "user": 1, "root": 50, "parent": 50, "reply_to": 1}}, {"model": "comment.comment", "pk": 52, "fields": {"content_type": 8, "object_id": 38, "text": "<p>EEE</p>", "comment_time": "2018-07-26T07:26:53.080Z", "user": 1, "root": 50, "parent": 51, "reply_to": 1}}, {"model": "comment.comment", "pk": 53, "fields": {"content_type": 8, "object_id": 38, "text": "<p>1016</p>", "comment_time": "2018-07-30T02:16:16.970Z", "user": 1, "root": null, "parent": null, "reply_to": null}}, {"model": "comment.comment", "pk": 54, "fields": {"content_type": 8, "object_id": 38, "text": "<p>1032</p>", "comment_time": "2018-07-30T02:32:05.551Z", "user": 1, "root": null, "parent": null, "reply_to": null}}, {"model": "comment.comment", "pk": 55, "fields": {"content_type": 8, "object_id": 38, "text": "<p>1032</p>", "comment_time": "2018-07-30T02:32:13.054Z", "user": 1, "root": null, "parent": null, "reply_to": null}}, {"model": "comment.comment", "pk": 56, "fields": {"content_type": 8, "object_id": 38, "text": "<p>1032</p>", "comment_time": "2018-07-30T02:32:13.304Z", "user": 1, "root": null, "parent": null, "reply_to": null}}, {"model": "comment.comment", "pk": 57, "fields": {"content_type": 8, "object_id": 38, "text": "<p>1032</p>", "comment_time": "2018-07-30T02:32:13.502Z", "user": 1, "root": null, "parent": null, "reply_to": null}}, {"model": "comment.comment", "pk": 58, "fields": {"content_type": 8, "object_id": 38, "text": "<p>1032</p>", "comment_time": "2018-07-30T02:32:13.703Z", "user": 1, "root": null, "parent": null, "reply_to": null}}, {"model": "comment.comment", "pk": 59, "fields": {"content_type": 8, "object_id": 38, "text": "<p>1032</p>", "comment_time": "2018-07-30T02:32:13.873Z", "user": 1, "root": null, "parent": null, "reply_to": null}}, {"model": "comment.comment", "pk": 60, "fields": {"content_type": 8, "object_id": 38, "text": "<p>1032</p>", "comment_time": "2018-07-30T02:32:14.218Z", "user": 1, "root": null, "parent": null, "reply_to": null}}, {"model": "comment.comment", "pk": 61, "fields": {"content_type": 8, "object_id": 38, "text": "<p>1032</p>", "comment_time": "2018-07-30T02:32:14.413Z", "user": 1, "root": null, "parent": null, "reply_to": null}}, {"model": "comment.comment", "pk": 62, "fields": {"content_type": 8, "object_id": 38, "text": "<p>1032</p>", "comment_time": "2018-07-30T02:32:14.573Z", "user": 1, "root": null, "parent": null, "reply_to": null}}, {"model": "comment.comment", "pk": 63, "fields": {"content_type": 8, "object_id": 38, "text": "<p>1032</p>", "comment_time": "2018-07-30T02:32:14.762Z", "user": 1, "root": null, "parent": null, "reply_to": null}}, {"model": "comment.comment", "pk": 64, "fields": {"content_type": 8, "object_id": 38, "text": "<p>1032</p>", "comment_time": "2018-07-30T02:32:14.908Z", "user": 1, "root": null, "parent": null, "reply_to": null}}, {"model": "comment.comment", "pk": 65, "fields": {"content_type": 8, "object_id": 38, "text": "<p>1032</p>", "comment_time": "2018-07-30T02:32:15.085Z", "user": 1, "root": null, "parent": null, "reply_to": null}}, {"model": "comment.comment", "pk": 66, "fields": {"content_type": 8, "object_id": 38, "text": "<p>1040</p>", "comment_time": "2018-07-30T02:40:55.597Z", "user": 1, "root": null, "parent": null, "reply_to": null}}, {"model": "comment.comment", "pk": 67, "fields": {"content_type": 8, "object_id": 38, "text": "<p>1044</p>", "comment_time": "2018-07-30T02:44:46.888Z", "user": 1, "root": 66, "parent": 66, "reply_to": 1}}, {"model": "comment.comment", "pk": 68, "fields": {"content_type": 8, "object_id": 38, "text": "<p>1045</p>", "comment_time": "2018-07-30T02:45:11.761Z", "user": 1, "root": 66, "parent": 66, "reply_to": 1}}, {"model": "comment.comment", "pk": 69, "fields": {"content_type": 8, "object_id": 38, "text": "<p>qwqw</p>", "comment_time": "2018-07-30T03:03:44.332Z", "user": 1, "root": 66, "parent": 66, "reply_to": 1}}, {"model": "comment.comment", "pk": 70, "fields": {"content_type": 8, "object_id": 38, "text": "<p>qwqwq</p>", "comment_time": "2018-07-30T03:03:50.021Z", "user": 1, "root": null, "parent": null, "reply_to": null}}, {"model": "comment.comment", "pk": 71, "fields": {"content_type": 8, "object_id": 37, "text": "<p>asd</p>", "comment_time": "2018-07-31T03:20:32.373Z", "user": 1, "root": null, "parent": null, "reply_to": null}}, {"model": "comment.comment", "pk": 72, "fields": {"content_type": 8, "object_id": 38, "text": "<p>asdasdasd</p>", "comment_time": "2018-07-31T03:22:13.798Z", "user": 1, "root": null, "parent": null, "reply_to": null}}, {"model": "comment.comment", "pk": 73, "fields": {"content_type": 8, "object_id": 38, "text": "<p>asa</p>", "comment_time": "2018-07-31T03:22:20.017Z", "user": 1, "root": 72, "parent": 72, "reply_to": 1}}, {"model": "comment.comment", "pk": 74, "fields": {"content_type": 8, "object_id": 38, "text": "<p>a</p>", "comment_time": "2018-07-31T03:33:06.508Z", "user": 1, "root": null, "parent": null, "reply_to": null}}, {"model": "comment.comment", "pk": 75, "fields": {"content_type": 8, "object_id": 38, "text": "<p>as</p>", "comment_time": "2018-07-31T03:46:13.275Z", "user": 1, "root": null, "parent": null, "reply_to": null}}, {"model": "comment.comment", "pk": 76, "fields": {"content_type": 8, "object_id": 38, "text": "<p>\u6d4b\u8bd5</p>", "comment_time": "2018-08-08T07:31:14.652Z", "user": 1, "root": null, "parent": null, "reply_to": null}}, {"model": "comment.comment", "pk": 77, "fields": {"content_type": 8, "object_id": 38, "text": "<p>z</p>", "comment_time": "2018-08-08T07:33:36.980Z", "user": 1, "root": null, "parent": null, "reply_to": null}}, {"model": "comment.comment", "pk": 78, "fields": {"content_type": 8, "object_id": 38, "text": "<p>ces</p>", "comment_time": "2018-08-08T07:35:44.102Z", "user": 1, "root": 77, "parent": 77, "reply_to": 1}}, {"model": "comment.comment", "pk": 79, "fields": {"content_type": 8, "object_id": 38, "text": "<p>\u591a\u7ebf\u7a0b\u53d1\u9001\u90ae\u4ef6\u901a\u77e5\u6d4b\u8bd5</p>", "comment_time": "2018-08-08T07:49:35.804Z", "user": 1, "root": null, "parent": null, "reply_to": null}}, {"model": "comment.comment", "pk": 80, "fields": {"content_type": 8, "object_id": 38, "text": "<p>\u591a\u7ebf\u7a0b\u53d1\u9001\u90ae\u4ef6\u901a\u77e5\u6d4b\u8bd5</p>", "comment_time": "2018-08-08T07:55:29.181Z", "user": 1, "root": null, "parent": null, "reply_to": null}}, {"model": "comment.comment", "pk": 81, "fields": {"content_type": 8, "object_id": 38, "text": "<p>\u591a\u7ebf\u7a0b\u53d1\u9001\u90ae\u4ef6\u901a\u77e5\u6d4b\u8bd5</p>", "comment_time": "2018-08-08T07:57:19.322Z", "user": 1, "root": null, "parent": null, "reply_to": null}}, {"model": "comment.comment", "pk": 82, "fields": {"content_type": 8, "object_id": 38, "text": "<p>html\u90ae\u4ef6\u6d4b\u8bd5</p>", "comment_time": "2018-08-08T08:03:34.823Z", "user": 1, "root": null, "parent": null, "reply_to": null}}, {"model": "comment.comment", "pk": 83, "fields": {"content_type": 8, "object_id": 38, "text": "<p>html\u90ae\u4ef6\u6d4b\u8bd5</p>", "comment_time": "2018-08-08T08:04:40.966Z", "user": 1, "root": null, "parent": null, "reply_to": null}}, {"model": "comment.comment", "pk": 84, "fields": {"content_type": 8, "object_id": 38, "text": "<p>html\u6a21\u677f\u7ec4\u7ec7\u5185\u5bb9\uff0c \u53d1\u9001\u90ae\u4ef6</p>", "comment_time": "2018-08-08T08:13:12.990Z", "user": 1, "root": null, "parent": null, "reply_to": null}}, {"model": "comment.comment", "pk": 85, "fields": {"content_type": 8, "object_id": 38, "text": "<p>html\u6a21\u677f\u7ec4\u7ec7\u5185\u5bb9\uff0c \u53d1\u9001\u90ae\u4ef6</p>", "comment_time": "2018-08-08T08:13:17.680Z", "user": 1, "root": null, "parent": null, "reply_to": null}}, {"model": "comment.comment", "pk": 86, "fields": {"content_type": 8, "object_id": 38, "text": "<p>html\u6a21\u677f\u7ec4\u7ec7\u5185\u5bb9\uff0c \u53d1\u9001\u90ae\u4ef6</p>", "comment_time": "2018-08-08T08:15:05.949Z", "user": 1, "root": null, "parent": null, "reply_to": null}}, {"model": "comment.comment", "pk": 87, "fields": {"content_type": 8, "object_id": 38, "text": "<p>html\u6a21\u677f\u7ec4\u7ec7\u5185\u5bb9\uff0c \u53d1\u9001\u90ae\u4ef6</p>", "comment_time": "2018-08-08T08:21:42.341Z", "user": 1, "root": null, "parent": null, "reply_to": null}}, {"model": "comment.comment", "pk": 88, "fields": {"content_type": 8, "object_id": 38, "text": "<p>html\u6a21\u677f\u7ec4\u7ec7\u5185\u5bb9\uff0c \u53d1\u9001\u90ae\u4ef6</p>", "comment_time": "2018-08-08T08:22:54.263Z", "user": 1, "root": null, "parent": null, "reply_to": null}}, {"model": "comment.comment", "pk": 89, "fields": {"content_type": 8, "object_id": 38, "text": "<p>utf-8</p>", "comment_time": "2018-08-08T08:23:18.332Z", "user": 1, "root": null, "parent": null, "reply_to": null}}, {"model": "comment.comment", "pk": 90, "fields": {"content_type": 8, "object_id": 38, "text": "<p>utf-8</p>", "comment_time": "2018-08-08T08:28:54.454Z", "user": 1, "root": null, "parent": null, "reply_to": null}}, {"model": "comment.comment", "pk": 91, "fields": {"content_type": 8, "object_id": 38, "text": "<p>123</p>", "comment_time": "2018-08-09T03:25:45.555Z", "user": 1, "root": 90, "parent": 90, "reply_to": 1}}, {"model": "comment.comment", "pk": 92, "fields": {"content_type": 8, "object_id": 38, "text": "<p>q</p>", "comment_time": "2018-08-09T03:26:15.254Z", "user": 1, "root": 90, "parent": 91, "reply_to": 1}}, {"model": "comment.comment", "pk": 93, "fields": {"content_type": 8, "object_id": 38, "text": "<p>a</p>", "comment_time": "2018-08-09T03:28:30.789Z", "user": 1, "root": 90, "parent": 90, "reply_to": 1}}, {"model": "comment.comment", "pk": 94, "fields": {"content_type": 8, "object_id": 38, "text": "<p>123123</p>", "comment_time": "2018-08-09T03:30:30.668Z", "user": 1, "root": 90, "parent": 90, "reply_to": 1}}, {"model": "likes.likerecord", "pk": 10, "fields": {"content_type": 8, "object_id": 38, "user": 1, "liked_time": "2018-07-30T06:29:37.674Z"}}, {"model": "likes.likerecord", "pk": 16, "fields": {"content_type": 12, "object_id": 49, "user": 1, "liked_time": "2018-07-31T03:20:08.719Z"}}, {"model": "likes.likerecord", "pk": 17, "fields": {"content_type": 8, "object_id": 37, "user": 1, "liked_time": "2018-07-31T03:20:12.006Z"}}, {"model": "likes.likerecord", "pk": 28, "fields": {"content_type": 12, "object_id": 73, "user": 1, "liked_time": "2018-07-31T03:23:34.257Z"}}, {"model": "likes.likerecord", "pk": 29, "fields": {"content_type": 12, "object_id": 72, "user": 1, "liked_time": "2018-07-31T03:33:01.363Z"}}, {"model": "user.profile", "pk": 1, "fields": {"user": 1, "nickname": "\u6668\u98ce\u629a\u8fc7\u5929\u9645"}}, {"model": "admin.logentry", "pk": 1, "fields": {"action_time": "2018-04-24T07:06:18.847Z", "user": 1, "content_type": 7, "object_id": "1", "object_repr": "BlogType object (1)", "action_flag": 1, "change_message": "[{\"added\": {}}]"}}, {"model": "admin.logentry", "pk": 2, "fields": {"action_time": "2018-04-24T07:06:24.374Z", "user": 1, "content_type": 7, "object_id": "2", "object_repr": "BlogType object (2)", "action_flag": 1, "change_message": "[{\"added\": {}}]"}}, {"model": "admin.logentry", "pk": 3, "fields": {"action_time": "2018-04-24T07:06:33.499Z", "user": 1, "content_type": 7, "object_id": "3", "object_repr": "BlogType object (3)", "action_flag": 1, "change_message": "[{\"added\": {}}]"}}, {"model": "admin.logentry", "pk": 4, "fields": {"action_time": "2018-04-24T07:44:09.918Z", "user": 1, "content_type": 8, "object_id": "1", "object_repr": "<Blog\uff1a\u7b2c\u4e00\u7bc7\u535a\u5ba2>", "action_flag": 1, "change_message": "[{\"added\": {}}]"}}, {"model": "admin.logentry", "pk": 5, "fields": {"action_time": "2018-04-25T08:12:24.518Z", "user": 1, "content_type": 8, "object_id": "2", "object_repr": "<Blog\uff1a\u7b2c\u4e8c\u7bc7\u535a\u5ba2>", "action_flag": 1, "change_message": "[{\"added\": {}}]"}}, {"model": "admin.logentry", "pk": 6, "fields": {"action_time": "2018-04-25T08:20:35.086Z", "user": 1, "content_type": 8, "object_id": "3", "object_repr": "<Blog\uff1a\u957f\u5185\u5bb9\u6d4b\u8bd5>", "action_flag": 1, "change_message": "[{\"added\": {}}]"}}, {"model": "admin.logentry", "pk": 7, "fields": {"action_time": "2018-04-25T08:22:00.597Z", "user": 1, "content_type": 8, "object_id": "3", "object_repr": "<Blog\uff1a\u957f\u5185\u5bb9\u6d4b\u8bd5>", "action_flag": 2, "change_message": "[{\"changed\": {\"fields\": [\"content\"]}}]"}}, {"model": "admin.logentry", "pk": 8, "fields": {"action_time": "2018-04-26T02:20:24.800Z", "user": 1, "content_type": 8, "object_id": "4", "object_repr": "<Blog\uff1a\u968f\u7b142>", "action_flag": 1, "change_message": "[{\"added\": {}}]"}}, {"model": "admin.logentry", "pk": 9, "fields": {"action_time": "2018-04-26T02:20:42.519Z", "user": 1, "content_type": 8, "object_id": "5", "object_repr": "<Blog\uff1adjango1>", "action_flag": 1, "change_message": "[{\"added\": {}}]"}}, {"model": "admin.logentry", "pk": 10, "fields": {"action_time": "2018-05-12T02:39:46.009Z", "user": 1, "content_type": 8, "object_id": "36", "object_repr": "<Blog\uff1afor 30>", "action_flag": 2, "change_message": "[{\"changed\": {\"fields\": [\"content\"]}}]"}}, {"model": "admin.logentry", "pk": 11, "fields": {"action_time": "2018-05-13T04:13:12.057Z", "user": 1, "content_type": 8, "object_id": "35", "object_repr": "<Blog\uff1afor 29>", "action_flag": 2, "change_message": "[{\"changed\": {\"fields\": [\"content\"]}}]"}}, {"model": "admin.logentry", "pk": 12, "fields": {"action_time": "2018-05-13T04:13:19.896Z", "user": 1, "content_type": 8, "object_id": "34", "object_repr": "<Blog\uff1afor 28>", "action_flag": 2, "change_message": "[{\"changed\": {\"fields\": [\"content\"]}}]"}}, {"model": "admin.logentry", "pk": 13, "fields": {"action_time": "2018-05-13T04:13:26.211Z", "user": 1, "content_type": 8, "object_id": "33", "object_repr": "<Blog\uff1afor 27>", "action_flag": 2, "change_message": "[{\"changed\": {\"fields\": [\"content\"]}}]"}}, {"model": "admin.logentry", "pk": 14, "fields": {"action_time": "2018-05-13T05:38:53.687Z", "user": 1, "content_type": 8, "object_id": "3", "object_repr": "<Blog\uff1a\u957f\u5185\u5bb9\u6d4b\u8bd5>", "action_flag": 2, "change_message": "[{\"changed\": {\"fields\": [\"content\"]}}]"}}, {"model": "admin.logentry", "pk": 15, "fields": {"action_time": "2018-05-13T05:40:58.050Z", "user": 1, "content_type": 8, "object_id": "3", "object_repr": "<Blog\uff1a\u957f\u5185\u5bb9\u6d4b\u8bd5>", "action_flag": 2, "change_message": "[{\"changed\": {\"fields\": [\"content\"]}}]"}}, {"model": "admin.logentry", "pk": 16, "fields": {"action_time": "2018-05-13T05:52:37.965Z", "user": 1, "content_type": 8, "object_id": "3", "object_repr": "<Blog\uff1a\u957f\u5185\u5bb9\u6d4b\u8bd5>", "action_flag": 2, "change_message": "[{\"changed\": {\"fields\": [\"content\"]}}]"}}, {"model": "admin.logentry", "pk": 17, "fields": {"action_time": "2018-05-13T06:09:17.744Z", "user": 1, "content_type": 8, "object_id": "3", "object_repr": "<Blog\uff1a\u957f\u5185\u5bb9\u6d4b\u8bd5>", "action_flag": 2, "change_message": "[{\"changed\": {\"fields\": [\"content\"]}}]"}}, {"model": "admin.logentry", "pk": 18, "fields": {"action_time": "2018-05-13T06:49:46.711Z", "user": 1, "content_type": 8, "object_id": "36", "object_repr": "<Blog\uff1afor 30>", "action_flag": 2, "change_message": "[{\"changed\": {\"fields\": [\"content\", \"readed_num\"]}}]"}}, {"model": "admin.logentry", "pk": 19, "fields": {"action_time": "2018-05-13T06:50:02.968Z", "user": 1, "content_type": 8, "object_id": "36", "object_repr": "<Blog\uff1afor 30>", "action_flag": 2, "change_message": "[{\"changed\": {\"fields\": [\"readed_num\"]}}]"}}, {"model": "admin.logentry", "pk": 20, "fields": {"action_time": "2018-05-25T03:44:36.661Z", "user": 1, "content_type": 9, "object_id": "1", "object_repr": "ReadNum object (1)", "action_flag": 1, "change_message": "[{\"added\": {}}]"}}, {"model": "admin.logentry", "pk": 21, "fields": {"action_time": "2018-05-25T05:01:08.150Z", "user": 1, "content_type": 10, "object_id": "1", "object_repr": "ReadNum object (1)", "action_flag": 1, "change_message": "[{\"added\": {}}]"}}, {"model": "admin.logentry", "pk": 22, "fields": {"action_time": "2018-06-11T07:10:16.596Z", "user": 1, "content_type": 8, "object_id": "37", "object_repr": "<Blog\uff1a\u65f6\u95f4>", "action_flag": 1, "change_message": "[{\"added\": {}}]"}}, {"model": "admin.logentry", "pk": 23, "fields": {"action_time": "2018-06-11T07:11:39.746Z", "user": 1, "content_type": 8, "object_id": "38", "object_repr": "<Blog\uff1a\u65f6\u95f42>", "action_flag": 1, "change_message": "[{\"added\": {}}]"}}, {"model": "admin.logentry", "pk": 24, "fields": {"action_time": "2018-06-12T03:35:32.158Z", "user": 1, "content_type": 11, "object_id": "1", "object_repr": "ReadDetail object (1)", "action_flag": 1, "change_message": "[{\"added\": {}}]"}}, {"model": "admin.logentry", "pk": 25, "fields": {"action_time": "2018-07-13T02:57:42.346Z", "user": 1, "content_type": 12, "object_id": "2", "object_repr": "Comment object (2)", "action_flag": 3, "change_message": ""}}, {"model": "admin.logentry", "pk": 26, "fields": {"action_time": "2018-07-13T02:57:42.487Z", "user": 1, "content_type": 12, "object_id": "1", "object_repr": "Comment object (1)", "action_flag": 3, "change_message": ""}}, {"model": "admin.logentry", "pk": 27, "fields": {"action_time": "2018-07-25T06:49:57.688Z", "user": 1, "content_type": 12, "object_id": "28", "object_repr": "Comment object (28)", "action_flag": 1, "change_message": "[{\"added\": {}}]"}}, {"model": "admin.logentry", "pk": 28, "fields": {"action_time": "2018-07-25T06:57:59.382Z", "user": 1, "content_type": 12, "object_id": "28", "object_repr": "123123", "action_flag": 2, "change_message": "[{\"changed\": {\"fields\": [\"parent\"]}}]"}}, {"model": "admin.logentry", "pk": 29, "fields": {"action_time": "2018-07-25T06:58:23.726Z", "user": 1, "content_type": 12, "object_id": "28", "object_repr": "123123", "action_flag": 2, "change_message": "[{\"changed\": {\"fields\": [\"parent\"]}}]"}}, {"model": "admin.logentry", "pk": 30, "fields": {"action_time": "2018-07-25T07:34:20.971Z", "user": 1, "content_type": 12, "object_id": "28", "object_repr": "123123", "action_flag": 2, "change_message": "[{\"changed\": {\"fields\": [\"user\", \"root\", \"parent\", \"reply_to\"]}}]"}}, {"model": "admin.logentry", "pk": 31, "fields": {"action_time": "2018-07-30T03:18:55.904Z", "user": 1, "content_type": 12, "object_id": "3", "object_repr": "123", "action_flag": 3, "change_message": ""}}, {"model": "admin.logentry", "pk": 32, "fields": {"action_time": "2018-08-07T04:51:06.509Z", "user": 1, "content_type": 15, "object_id": "1", "object_repr": "<Profile: \u6668\u98ce\u629a\u8fc7\u5929\u9645 for zcc>", "action_flag": 1, "change_message": "[{\"added\": {}}]"}}, {"model": "admin.logentry", "pk": 33, "fields": {"action_time": "2018-08-07T05:16:59.507Z", "user": 1, "content_type": 4, "object_id": "2", "object_repr": "zcc01", "action_flag": 3, "change_message": ""}}, {"model": "admin.logentry", "pk": 34, "fields": {"action_time": "2018-08-07T05:17:05.986Z", "user": 1, "content_type": 4, "object_id": "3", "object_repr": "zcc1", "action_flag": 3, "change_message": ""}}, {"model": "admin.logentry", "pk": 35, "fields": {"action_time": "2018-08-07T07:45:28.119Z", "user": 1, "content_type": 4, "object_id": "1", "object_repr": "zcc", "action_flag": 2, "change_message": "[{\"changed\": {\"fields\": [\"email\", \"last_login\"]}}]"}}, {"model": "admin.logentry", "pk": 36, "fields": {"action_time": "2018-08-07T08:02:11.938Z", "user": 1, "content_type": 4, "object_id": "1", "object_repr": "zcc", "action_flag": 2, "change_message": "[{\"changed\": {\"fields\": [\"email\"]}}]"}}]